message_id,created_at,updated_at,username,message,thread_parent_message_id,channel_url,subreddit,channel_name,conversation_type
$EYT4BPlM3w9kFfE4sO1Sj1wxd5Wr0pJFHhWO3OeY9g4,2024-06-09 22:00:49 UTC,2024-06-09 22:00:49 UTC,UselessGojo123,"Sorry to bother you! But, I noticed one user has been pretty prolific about posting lately. It‚Äôs all clips of different comedians, but under their own name, even the watermark on the video has their name ‚ÄúBackdoorComedyClub‚Äù and they very rarely credit the comedian in the clip, and besides one comedian they post a lot, they cut the ending of the original clips that would have told us their name. I have seen them reply to some comments asking who the comedian is, but they don‚Äôt reply to everyone. I looked over the community rules and I‚Äôm surprised to see there‚Äôs no rule about crediting the comedian. I feel like this spits in the face of the people working hard to perform their jokes. Especially since the user is branding themselves as a comedy club. They even word the titles to make it seem like they‚Äôre the comedian in question sometimes. I‚Äôm not pushing for them to get banned or anything, but maybe someone from the mod team should reach out tell them that they need to credit the comedians? Thank for taking the time to read this!",,https://chat.reddit.com/room/!AwYuu9WHsdLXDqkCK1zPi5tnbcEgHoY14iJgAf33-CA:reddit.com,,,direct
$2i6C11sktCKl3V8XSn2iW102cjvXU9od8jcUHtm50KI,2024-06-09 22:01:08 UTC,2024-06-09 22:01:08 UTC,UselessGojo123,"Oh and sorry, I‚Äôm talking specifically about r/standupcomedy",,https://chat.reddit.com/room/!AwYuu9WHsdLXDqkCK1zPi5tnbcEgHoY14iJgAf33-CA:reddit.com,,,direct
$V0rfHm-J0JNeYHirphLt0txuuDkUQqBF7P_pc8ai_1M,2023-03-01 00:30:19 UTC,2023-03-01 00:30:19 UTC,SoManyMinutes,Re: Remote helpdesk work? Thanks in adance for the link.,,https://chat.reddit.com/room/!upndRxp9LyOXfDWDP3BenXhbp9p983WwIzWDeRffXjk:reddit.com,,,direct
$xd2ReYkuGZnAyu13S_rdsym4diMhUWMvHOG9r8mshA8,2023-03-01 05:14:53 UTC,2023-03-01 05:14:53 UTC,jonessinger,"dmcdermott@apexsystems.com or  mmuscat@apexsystems.com

Send one (or both) of them your resume, your phone number, and let them know you're interested in the Help Desk Job. 

First 2 months is on site training at the Dell building in OKC, after that you‚Äôre given the option to work remote.",,https://chat.reddit.com/room/!upndRxp9LyOXfDWDP3BenXhbp9p983WwIzWDeRffXjk:reddit.com,,,direct
$65GU9alaEglKVNjtysaqTSpZi6P_wMKEf8fdORa5C6U,2023-06-03 01:26:31 UTC,2023-06-03 01:26:31 UTC,SoManyMinutes,Thank you for the information.,,https://chat.reddit.com/room/!upndRxp9LyOXfDWDP3BenXhbp9p983WwIzWDeRffXjk:reddit.com,,,direct
$5wVcBqLzKGJmUivp27tTQo7XFI2r1QBU7vuqt7QoxWA,2023-08-24 23:50:21 UTC,2023-08-24 23:50:21 UTC,69TAKEOUT,Hello! I see your a mod on StandUpComedy- I've submitted a clip a couple times but it's not showing up. Am I doing something wrong? Any tips would be appreciated. Thanks!,,https://chat.reddit.com/room/!ji-bHl6bI8rfbmD_zwm4MIpmqY9P0IYSwK9C6a7wyQk:reddit.com,,,direct
$PCFhEg7TwTUxS8Ygwa-NGba2Or-URE2VceoVXCJVOAs,2023-04-07 20:08:20 UTC,2023-04-07 20:08:20 UTC,sleeklyBias285,Looks very good. It should taste good.,,https://chat.reddit.com/room/!G9W4l4Ym_RPLdPbv2hFGAcy5KEVb571gKOFMMYjnfnw:reddit.com,,,direct
$X97l8KL31jrMDrEv_1jjlKhH10HPZiWAqsW7lR5oCno,2023-12-24 18:47:58 UTC,2023-12-24 18:47:58 UTC,UnclePotchSpice,"Hey, you moderate the StandupComedy subreddit right? I was wondering if I could post a YouTube link to my featured 15 minute set?",,https://chat.reddit.com/room/!2SKQpjltAzArNdrFgWZ5cYPCg37FCwLDIxSCP9uN_oo:reddit.com,,,direct
$0e20csGCcF_mM-sOcphzhfp5fmglU7ZkVQLZI3U8WLg,2023-12-12 16:25:26 UTC,2023-12-12 16:25:26 UTC,SingingSongbird1,Hello! My name is Lindsay and I am in the musical theatre subreddit. I‚Äôm a voice teacher & working out based out of NYC and was curious if I could advertise my voice studio in the subreddit? Thank you and happy holidays to you and yours!,,https://chat.reddit.com/room/!8jAC607SXYsPaNSvot0T2noFGkIUbdEqTNwOqSF4cKg:reddit.com,,,direct
$Zu0ZLknZsckW8NjV-6eva2S8k_35oDM3ZTx6t17djAM,2023-12-15 15:24:27 UTC,2023-12-15 15:24:27 UTC,SingingSongbird1,Hi! Just wanted to follow up - thank you!,,https://chat.reddit.com/room/!8jAC607SXYsPaNSvot0T2noFGkIUbdEqTNwOqSF4cKg:reddit.com,,,direct
$5QnpyFfObFMLxMCQH2FwiwnjM0ySxQO31KoiCPqqbD0,2023-03-19 02:41:56 UTC,2023-03-19 02:41:56 UTC,MRLongcock151,Hey,,https://chat.reddit.com/room/!fdLF-iKNJSQYkgsJ8N5nszQOamSgZiz1isHRUD0IMgY:reddit.com,,,direct
$WpIYy03zembsWtV2oEMqj9hhe-Tvb57hZ4FEeKxfpOI,2023-03-19 05:12:19 UTC,2023-03-19 05:12:19 UTC,MRLongcock151,Hey,,https://chat.reddit.com/room/!fdLF-iKNJSQYkgsJ8N5nszQOamSgZiz1isHRUD0IMgY:reddit.com,,,direct
$3_5BAB6g-Oh5ljgK2seMkvXtVgI5rmYxH1KozMCFlZE,2023-09-09 18:23:01 UTC,2023-09-09 18:23:01 UTC,Laistrygonian,"Hi there, I‚Äôm actually looking at potentially buying a Merlin bike similar to the one you have (please see my post.) Would you recommend it? I love the wheels that you have, and will likely swap over to something similar. Do you use your bike for just commuting or racing, etc.? Also, the bike I am looking at is a size 57, would that be appropriate for someone who is 6 foot two? Thanks!!",,https://chat.reddit.com/room/!7jUTbsxyUKqoqP-hR66MgXGgQruNCreA8tQO8VIC7Qg:reddit.com,,,direct
$E1tRKkqiE2-_SLJixNIUJM3Nvi356ESrfT0GsGcth7o,2024-07-30 22:29:19 UTC,2024-07-30 22:29:19 UTC,jackiebluecsc98,"Hello! I made a post I completely regret yesterday out of sadness and anxiety. It was called ""featured ensemble"". Someone named BroadwayCatDad posted personal information about the theater, director, and show. Can you delete his comments? It felt like doxing. I deleted the post but I know comments still show up. If you can delete the post all together, I would appreciate it. I regret how self-centered and emotional I was being. I learned a hard lesson about posting on social media, thinking it would be anonymous. Any help is appreciated. Thank you!",,https://chat.reddit.com/room/!NaCkEuA3OnwojCPisB9WHtl7f8y1U81vW7vu0az_WEU:reddit.com,,,direct
$rxKYXtVoxGEkeBhvRzes1-0bDaAiH4fJME3nKqhFbz4,2024-07-04 13:43:49 UTC,2024-07-04 13:43:49 UTC,Wrong-Computer3404,"Hi I'm trying to post something on the NYC bike chat red, however my post keeps on getting removed. I'm trying to ask when the bridges are getting close tonight for the fireworks.",,https://chat.reddit.com/room/!3HQ_8tckFoUHb_Bmu2NXws6137zHkGcwgZdzxKpcAbc:reddit.com,,,direct
$1NQGwdlz0Fgp1k-DSxjDGiSrKNX1qcWgkG_jUaKbfLk,2024-07-04 13:44:12 UTC,2024-07-04 13:44:12 UTC,Wrong-Computer3404,Is there a reason why my message is getting deleted automatically,,https://chat.reddit.com/room/!3HQ_8tckFoUHb_Bmu2NXws6137zHkGcwgZdzxKpcAbc:reddit.com,,,direct
$a3j1daOydACQgEhBIk4NOp75aVO2lmmoonqZ8scVs9A,2023-07-17 02:12:22 UTC,2023-07-17 02:12:22 UTC,SoManyMinutes,Do you have a darkweb source you can refer me to? Looking for LSD.,,https://chat.reddit.com/room/!2su7WT_qQ4rPyW68mhxOZf5zJpSwNBvk1sGRsGarkrU:reddit.com,,,direct
$Dp-U_Wt9ugy8rmJeGm5FLORXbe8Mf5Rwa5_qOpn6ngs,2023-07-17 02:16:48 UTC,2023-07-17 02:16:48 UTC,SoManyMinutes,I have TOR and crypto but I don't where to go for purchase.,,https://chat.reddit.com/room/!2su7WT_qQ4rPyW68mhxOZf5zJpSwNBvk1sGRsGarkrU:reddit.com,,,direct
$oZQO6nGw1LEkhsLKE150xJgsi-W2NbCX5md_x4N1fdY,2023-09-02 06:37:18 UTC,2023-09-02 06:37:18 UTC,SoManyMinutes,Hi checking in with you again. Do you know any direct darkweb links?,,https://chat.reddit.com/room/!2su7WT_qQ4rPyW68mhxOZf5zJpSwNBvk1sGRsGarkrU:reddit.com,,,direct
$XBqJK6v4DS6OTrNycYYw32NSZ0123-OvwKgDzOnhrfw,2023-04-05 20:26:59 UTC,2023-04-05 20:26:59 UTC,SoftShoeShuffle222,Are in an hour?,,https://chat.reddit.com/room/!RUYLMKMISh5Sc6kYtKB4X-akDwD1lSmBUNbJDP_kK_s:reddit.com,,,direct
$GS9pioYiNlGlUlAQ1s2djFnnicuGcPqUkBvxjnxines,2023-04-18 18:18:42 UTC,2023-04-18 18:18:42 UTC,SoftShoeShuffle222,60,,https://chat.reddit.com/room/!RUYLMKMISh5Sc6kYtKB4X-akDwD1lSmBUNbJDP_kK_s:reddit.com,,,direct
$ugF5z3BGl3DyBsO0qzNeaEaKUTdTkhryLujiC5G0sUM,2023-12-03 03:40:44 UTC,2023-12-03 03:40:44 UTC,[deleted],Hey any idea why my post was removed?,,https://chat.reddit.com/room/!gbszPV89VMRgvuEhRkKDRdq6kd9Z9YzeqpCuC59yOFM:reddit.com,,,direct
$J1A4Epc7joIR_ZKVwtqVG2zgTKkb-6PE1IR3k_hHVFE,2024-02-14 20:44:08 UTC,2024-02-14 20:44:08 UTC,GilfHunt3r,Fuck you,,https://chat.reddit.com/room/!AXkq5fDzZvCRV_IOa5p9eQYhs_TVQ2xtRck4KfyVnBE:reddit.com,,,direct
$FSi87KXXi2-JoAawV20dtgAt4EeKTocUhDZeXOhesCY,2023-09-10 21:22:23 UTC,2023-09-10 21:22:23 UTC,CommonSecrecy3034,https://amazon.reeit.co,,https://chat.reddit.com/room/!k46UDLa4g5Dl9J8mbfc7u2U5tnVBZwkGLX0ev4qoQbc:reddit.com,,,direct
$fi19Yvhvm7zqPtL5sXBKhePAUHW4COHZ3Ke7OMJChgo,2023-08-11 18:43:12 UTC,2023-08-11 18:43:12 UTC,Worried-Reading8693,A little pussy ass bitch boy,,https://chat.reddit.com/room/!0pad9E6mZruoZLqvFA2thOKa5mdQE4wNJFonypO3mLY:reddit.com,,,direct
$qkRLQBgWxOjL1o6cLCS317PCtL60vBr1ei8v-D-Zq0A,2023-08-11 18:43:23 UTC,2023-08-11 18:43:23 UTC,Worried-Reading8693,Get a new haircut kidüòÇüòÇ,,https://chat.reddit.com/room/!0pad9E6mZruoZLqvFA2thOKa5mdQE4wNJFonypO3mLY:reddit.com,,,direct
$1Kf6p4b8tFlLqCWsClSLreWZZ2oPvX5b8QlbkIWZRLo,2023-05-28 03:39:21 UTC,2023-05-28 03:39:21 UTC,specificpiles6,Hey there,,https://chat.reddit.com/room/!I6bN8xFR_6ioOGSoOxzXOKXsufHscLqmkKdnYHnAVkA:reddit.com,,,direct
$yxVRYtuAsZscdzohHaj4-3fa_aAhH4-B3AyHf7TwmEg,2023-05-28 03:39:26 UTC,2023-05-28 03:39:26 UTC,specificpiles6,What's good?,,https://chat.reddit.com/room/!I6bN8xFR_6ioOGSoOxzXOKXsufHscLqmkKdnYHnAVkA:reddit.com,,,direct
$QKLaHTnZ9wTesh6TkfeezVezZLY7ZhjCoRknv0_m3sU,2023-05-28 03:39:41 UTC,2023-05-28 03:39:41 UTC,specificpiles6,"Ca here man,I can get you connected to my dealer around depending on your location he's stuff's are pure and pharma he doesn't fw presses",,https://chat.reddit.com/room/!I6bN8xFR_6ioOGSoOxzXOKXsufHscLqmkKdnYHnAVkA:reddit.com,,,direct
$Y6LHnQ6lH3xHCtBptdvIcfzwuHkjohlMZ8QJifS3w_c,2023-05-28 03:39:44 UTC,2023-05-28 03:39:44 UTC,specificpiles6,Where you located bro?,,https://chat.reddit.com/room/!I6bN8xFR_6ioOGSoOxzXOKXsufHscLqmkKdnYHnAVkA:reddit.com,,,direct
$fQG4pQmcD8pKXofdah9oeJ0tqvT9JYYMEQC3i7g2Q-I,2023-06-03 01:24:38 UTC,2023-06-03 01:24:38 UTC,SoManyMinutes,Midwest. In the Texas/Kansas area.,,https://chat.reddit.com/room/!I6bN8xFR_6ioOGSoOxzXOKXsufHscLqmkKdnYHnAVkA:reddit.com,,,direct
$hFUicr2pnuGrXybFak80sXxO4x1kZusbV0q6MJ89gvk,2023-12-14 20:49:50 UTC,2023-12-14 20:49:50 UTC,military_width,How are you üëè,,https://chat.reddit.com/room/!YW2O0dgq-mrJ7x6rsLXO89l_V0rrtbgZWsciZcbA4OA:reddit.com,,,direct
$ijjNtS8IuEEIqlGWGfuonj8A6qxP2qHS99iIrMoXbfY,2023-07-13 03:35:48 UTC,2023-07-13 03:35:48 UTC,Financial_Solution64,Cannasense.com,,https://chat.reddit.com/room/!a64wNVZwaB8W32N4vsIXHLgAZSg4wo9aKMHqE8kHGBg:reddit.com,,,direct
$GjyV__RbwS0U7YRRe6-Wz6KOTx_CD4QA8vniffkwUns,2023-07-13 03:37:18 UTC,2023-07-13 03:37:18 UTC,Financial_Solution64,When it asks for sponsor Kyle rashley google site it‚Äôs legit you will get real on there best of luck,,https://chat.reddit.com/room/!a64wNVZwaB8W32N4vsIXHLgAZSg4wo9aKMHqE8kHGBg:reddit.com,,,direct
$gVGk_y8hTVNRAmZbXDLLu0SmKJ2TNKPIl2GJg8moR5I,2023-06-03 01:19:35 UTC,2023-06-03 01:19:35 UTC,SoManyMinutes,I want to post a picture of someone you know and I want to clear if you first. https://i.imgur.com/z2tFJ.jpg,,https://chat.reddit.com/room/!uTX89cRHAw8DFZVjcG3qezwQz0RZI-sSgkZMPmHUSgg:reddit.com,,,direct
$vjFO17LZ8Gac_eXUfd08qd4LXMYe8hgHQ5cqlBgPQBg,2023-06-03 01:22:33 UTC,2023-06-03 01:22:33 UTC,SoManyMinutes,*clear it with you first,,https://chat.reddit.com/room/!uTX89cRHAw8DFZVjcG3qezwQz0RZI-sSgkZMPmHUSgg:reddit.com,,,direct
$i3nxP68FW0quV21GXasRoEKcX56GqbekFy4RqkWPFrI,2023-06-17 17:34:02 UTC,2023-06-17 17:34:02 UTC,karmanaut,Please do not post it,,https://chat.reddit.com/room/!uTX89cRHAw8DFZVjcG3qezwQz0RZI-sSgkZMPmHUSgg:reddit.com,,,direct
$DdODWsbulhXquUGu-5V00yRpmCOzLt17X3jmunXLXoo,2023-06-21 20:43:52 UTC,2023-06-21 20:43:52 UTC,SoManyMinutes,Understood.,,https://chat.reddit.com/room/!uTX89cRHAw8DFZVjcG3qezwQz0RZI-sSgkZMPmHUSgg:reddit.com,,,direct
$r3z1VS8CVzza4-Aq7RRVE22cvIlF5P2M62JF36iK-lQ,2023-09-02 06:34:28 UTC,2023-09-02 06:34:28 UTC,SoManyMinutes,"Hi. I'm PM you. I saw your post in /r/cripplingalcoholism about  drugs on the dark web.

Can you please give me a couple links? I don't know how to research it.

I'm trying to get LSD.",,https://chat.reddit.com/room/!by-PYLsAD175VqIJkadsK9g3V_ltKeQs_p-dmyxCAx0:reddit.com,,,direct
$xoIXitXuf2Q4TraT0mAm0W3Pfux3T5pzf1su5Tm1eF4,2023-09-02 06:35:24 UTC,2023-09-02 06:35:24 UTC,SoManyMinutes,"Meaning, like, direct links to marketplaces?",,https://chat.reddit.com/room/!by-PYLsAD175VqIJkadsK9g3V_ltKeQs_p-dmyxCAx0:reddit.com,,,direct
$tR1eL6NqO9WW3mCZ3kAqchVc0fkM13XP8FlRenMjDfE,2023-09-19 08:35:24 UTC,2023-09-19 08:35:24 UTC,Tormund___Giantsbane,Hey sorry bro your message was stuck in requests and I didn‚Äôt notice it,,https://chat.reddit.com/room/!by-PYLsAD175VqIJkadsK9g3V_ltKeQs_p-dmyxCAx0:reddit.com,,,direct
$hg2eML-VnLjGxguihUM2IhApHtHygcNNc5-q2vL-zwo,2023-09-19 08:35:35 UTC,2023-09-19 08:35:35 UTC,Tormund___Giantsbane,You still need help or nah,,https://chat.reddit.com/room/!by-PYLsAD175VqIJkadsK9g3V_ltKeQs_p-dmyxCAx0:reddit.com,,,direct
$LWr8AhsPvHlaPV4baHRuMwosSUTxnF8t5SxJ4jR51kk,2024-05-27 19:11:23 UTC,2024-05-27 19:11:23 UTC,Gabriel-tmh-comedy,Hey I have been posting on r/standupcomedy but my posts are not displaying outside of my profile I was wondering what the deal with that was?,,https://chat.reddit.com/room/!naCZlBeTQtAPx0uiB0PWM23bI2YWX28Chba4EqfMctA:reddit.com,,,direct
$gQio9GDTRi6x3k09Ma2FVuh5TmblhpU512GmD5E8SlM,2023-07-10 22:31:16 UTC,2023-07-10 22:31:16 UTC,HAL-Over-9001,https://matrix.redditspace.com/_matrix/media/v3/download/reddit.com/ih6w7hl8s7bb1,,https://chat.reddit.com/room/!sendbird_group_channel_1265232_a6252f4634aca5fa01f11c79595393692c9ae471:reddit.com,,Tool,private_group
$RZ6h-znS8qPczSUq1to-Uocn5usG-OW7LqTtBDyt4rQ,2023-07-16 15:51:09 UTC,2023-07-16 15:51:09 UTC,cptnAviator,https://i.redd.it/foyijyyga7081.gif,$gQio9GDTRi6x3k09Ma2FVuh5TmblhpU512GmD5E8SlM,https://chat.reddit.com/room/!sendbird_group_channel_1265232_a6252f4634aca5fa01f11c79595393692c9ae471:reddit.com,,Tool,private_group
$PvKVIu6xmjBR4yjEcCokeIvNqsxZyAYE3E-foc3BLBM,2024-05-20 14:55:59 UTC,2024-05-20 14:55:59 UTC,Stepin-Fetchit,Why the hell was my post removed??,,https://chat.reddit.com/room/!i5taf5QcpD53RxbFdCaB6QqEue4eWyqCpW8QLLB0Y1g:reddit.com,,,direct
$gNQAxDv9en-rCrYhShEf21MvgVuTeZrH-nIUJxp3aMc,2024-05-14 16:42:56 UTC,2024-05-14 16:42:56 UTC,takeiteasynottooeasy,"Hi! I‚Äôve written a musical and looking for feedback, have a few songs recorded and the libretto finished, is r/musicaltheatre an appropriate place to ask? Are external links allowed? Don‚Äôt want to ruffle feathers. And if you have other suggestions I‚Äôd be keen to hear. Thanks!",,https://chat.reddit.com/room/!SAF3nXq3cVSHHVIu_NbVFf7mkOY4r-vBpHlMREmV_BM:reddit.com,,,direct
$kKlWAp2rMvXbcNjNJj5yWbeOswkAARjRVoMqys7eqo8,2024-06-02 02:06:31 UTC,2024-06-02 02:06:31 UTC,SoManyMinutes,Hello! I saw your post on /r/OKC about kittens. My cat of many years passed about 9 months ago and hit me pretty hard. I've been holding off on getting a new friend. I think now'ish might be the time. What do you think?,,https://chat.reddit.com/room/!wBKmCydkjmLLVSN6q_tOwPWKrSsxJjdreCVpqec2uOk:reddit.com,,,direct
