id,title,body,kind,created,spoiler,nsfw,original_content,content_category,flair_id,flair_text,send_replies,subreddit,is_public_link
44aa914a-8206-11ec-9b66-fa55f8a74700,,"Hello everyone!  


This a subreddit to get away from the middle-schoolers bragging about beating Scott for $0.23 yesterday when they had the rectangular pizza for lunch in the school cafeteria.  


This is also non-tolerant of habitual losers who can't possibly fathom that anyone actually makes money and decide to shit on everything.  


REAL PLAYERS: You can now post adult stuff without children misspelling stupid post titles, thoughts, or comments. 

I moderate a lot of polarizing subs (/r/StandUpShots) and welcome regular users who would like to me on the moderation team.  


Thank you for your patronage.",richtext,2022-01-30 19:53:17,False,False,False,,,,True,RealPokerPlayers,False
8eb262a6-1516-11ed-acd2-26eb9373a6ec,"""Clown Choking And Dying"" AI image query.",https://app.wombo.art/_next/image?url=https%3A%2F%2Fimages.wombo.art%2Fexports%2Ffac0a103-ec0b-48f7-a42e-ab7594d67136%2Fpublished.jpg%3FExpires%3D1666942065%26Signature%3DxyO-m97wBsD7~BUYL8~k-PYo9kj0U~CVZttie~bBA04e7~hwm4ikab2K8oFr~YgBW3XqK-289W5TiozDZ4U5eq0uMrkaylu4sp93I2pcxqS~qhwYL5pgHfqGlzxDVpM0U5k-388Q8b3wzAao8~0jhAJwh5coAuJFqHqfEMyzug1XyrHpYyUDmHAATgIcOEUARQx44bmKLBxetAdxQS8AKWB-31urmUMFfTt4aowjyXL3DYjbtegxNszehIjt9ZPn-YtedNUX8zr9G81QChC6hRpMR-B-h6zbGvp6Wf0uUhvGNv3mW9s-kWxqXKuNho29GCwBm~1yzYNhrEx4YKO3lw__%26Key-Pair-Id%3DK1ZXCNMC55M2IL&w=1920&q=75,link,2022-08-05 23:30:14,False,False,False,,,,True,,False
