username,note
ashhhole,
hanavi,
friend_of_bob_dole,
heads_need_bodies,
RyanKinder,
ImChadSmith,
Here_Comes_The_King,
_WillFerrell,
EpicNinjaMonkeys,
TheLegitMidgit,
Fisted_Sister,
Paleoram,
lennifer,
Kazyole,
mengxiaojie,
fluery,
Bikecommutenyc,
SecretAgentZeroNine,
ignatiusloyola,
Oldyorker,
Drunken_Economist,
HulkHoganBruceBanner,
MFLUDER,
hatperigee,
bugo,
SoManyNinjas,
lazysubtlephotoshop,
mrogers0382,
dakta,
vquisling,
afrael,
isl1985,
backpackwayne,
So_Many_Minutes,
irwinwl,
CateMaydayKurtis,
TzarVargo,
r_slash,
chelac,
DrMightyQuinn,
Radico87,
digifreak642,
kn0thing,
RonUSMC,
morninj,
adremeaux,http://www.reddit.com/user/adremeaux
rtaylo,http://www.reddit.com/message/inbox/
edman007,
friendlyfire,
ayesee,
kleinbl00,
SirVanderhoot,
MassesOfTheOpiate,
lilgadget,
elquesogrande,
correctsequence,http://www.reddit.com/r/catpictures/comments/emwz5/dont_ask_me_how_i_knowi_just_do_something_is/c19er9g?context=3
rmuser,
virtualbeggar,
hirst,
kickme444,
skeeterou,
happybadger,
flashtheready,
ngroot,
karmanaut,
kingofnowhere,
b34nz,
riverhed,
alpacalypse,
FuzzyNavel,
AnotherEcho,
HellaciousHelen,
77or88,
finish_my_comment,
REDDIT_TROPES,
jmghollywood,
draynen,
stilesjp,
miramesa,
pandasonic,
RoboBama,
electric_sandwich,
hueypriest,
raldi,
krakow057,
wil,
DJLakhs,http://www.reddit.com/message/unread/
moonzerobird,
MarieGrace,
DesCo83,
kawarazu,
Wo1ke,
mmilian,
musiqua,http://www.reddit.com/r/fffffffuuuuuuuuuuuu/comments/dydxb/this_is_what_happens_when_people_stop_being/c1nc9v6?context=3
dneronique,
tevren,
Luckypenguin,
dylanevl,
tummybox,http://redditgifts.com/profiles/view/tummybox/
oohay_email2004,
Spacksack,
Lothel,http://www.reddit.com/r/nyc/comments/dfsnm/rnyc_official_stewartcolbert_rally_post_events/c0zxwf6?context=3
grantrules,
greggerypeccary,
Surli,http://www.reddit.com/message/inbox/
