id,permalink
1es7i0y,https://www.reddit.com/r/StandUpComedy/comments/1es7i0y/when_you_ask_the_wrong_question/
160h4hv,https://www.reddit.com/r/drawing/comments/160h4hv/im_so_in_love_with_you/
1evvux,https://www.reddit.com/r/technology/comments/1evvux/want_to_learn_a_new_skill_check_this_out/
16xy4q,https://www.reddit.com/r/nyc/comments/16xy4q/animated_gif_of_nyc_subway_expansion_over_time/
1mwhcn,https://www.reddit.com/r/Cooking/comments/1mwhcn/chicago_vs_margherita_a_first_attempt/
25d2q5,https://www.reddit.com/r/Documentaries/comments/25d2q5/the_hitch_2014_a_new_fulllength_documentary_on/
12rt24x,https://www.reddit.com/r/AskReddit/comments/12rt24x/redditors_who_have_actually_won_a_lifetime_supply/
25xno5,https://www.reddit.com/r/Cooking/comments/25xno5/kitchen_cheat_sheets/
17357a,https://www.reddit.com/r/Assistance/comments/17357a/low_income_familymain_provider_me_needs_teeth/
1ej6ntk,https://www.reddit.com/r/TrueReddit/comments/1ej6ntk/the_hidden_ways_extreme_heat_disrupts/
15v4hll,https://www.reddit.com/r/tattoo/comments/15v4hll/ahegao_sucky_panther_done_by_mason_at_thousand/
16yai7,https://www.reddit.com/r/videos/comments/16yai7/gordon_ramsay_scotch_pancakes_and_caramelized/
127pbxs,https://www.reddit.com/r/facepalm/comments/127pbxs/juniors_reaction_to_dads_indictment_maybe_just_a/
16dieci,https://www.reddit.com/r/okc/comments/16dieci/deleted_by_user/
1mwopv,https://www.reddit.com/r/Cooking/comments/1mwopv/how_do_you_like_to_make_your_grilled_cheeses_with/
17olk9,https://www.reddit.com/r/TrueReddit/comments/17olk9/dan_carlins_common_sense_podcast_is_easily_the/
1a6otn,https://www.reddit.com/r/AskReddit/comments/1a6otn/what_is_the_most_ridiculous_thing_youve_ever/
1di33k,https://www.reddit.com/r/videos/comments/1di33k/since_so_many_redditors_enjoyed_my_friends_first/
13e4j05,https://www.reddit.com/r/nextfuckinglevel/comments/13e4j05/undefeated_japanese_wrestler_who_won_the_olympics/
1rag55,https://www.reddit.com/r/Documentaries/comments/1rag55/american_movie_1999/
15mi1bv,https://www.reddit.com/r/skateboarding/comments/15mi1bv/i_just_finished_colouring_it_in/
1p1e0s,https://www.reddit.com/r/ToolBand/comments/1p1e0s/til_tools_demo_album_72826_spells_satan_on_a/
15kn5s,https://www.reddit.com/r/videos/comments/15kn5s/this_got_me_quiet/
1xh7wi,https://www.reddit.com/r/acappella/comments/1xh7wi/for_good_measure_northeast_quarterfinal_2014_icca/
22v2v8,https://www.reddit.com/r/ChristopherHitchens/comments/22v2v8/a_discussion_of_christopher_hitchens_by_stephen/
1cw5gzp,https://www.reddit.com/r/BeAmazed/comments/1cw5gzp/rate_the_difficulty/
14y81z,https://www.reddit.com/r/pics/comments/14y81z/i_met_a_sugar_glider_it_thought_my_hair_was_a_nest/
16ydvb,https://www.reddit.com/r/bicycling/comments/16ydvb/new_bike_week_continues_my_notsoinexpensive/
1vt1si,https://www.reddit.com/r/AskReddit/comments/1vt1si/you_can_only_watch_one_porn_video_for_the_rest_of/
1b2afn,https://www.reddit.com/r/pics/comments/1b2afn/this_is_ali_he_walks_past_my_work_every_morning/
1d4k95g,https://www.reddit.com/r/videos/comments/1d4k95g/dont_be_a_sucker/
20co61,https://www.reddit.com/r/videos/comments/20co61/arnold_running_over_a_horse_sized_duck_with_a_tank/
1yq2qj,https://www.reddit.com/r/videos/comments/1yq2qj/what_jehovahs_witnesses_actually_believeit_gets/
17lmxo,https://www.reddit.com/r/funny/comments/17lmxo/just_your_typical_office/
16vkgz,https://www.reddit.com/r/bicycling/comments/16vkgz/bike_forever/
25xai2,https://www.reddit.com/r/classicalmusic/comments/25xai2/the_extended_percussion_section_in_this_piece/
1733aj,https://www.reddit.com/r/lectures/comments/1733aj/a_white_guy_tim_wise_gives_a_lecture_to_a_black/
10xb4oc,https://www.reddit.com/r/exchristian/comments/10xb4oc/was_organized_christianity_nicer_a_couple_of/
1j41nz,https://www.reddit.com/r/AskReddit/comments/1j41nz/serious_what_are_some_of_your_best_work_smarter/
139dh5,https://www.reddit.com/r/Guitar/comments/139dh5/deleted_by_user/
17qt4l8,https://www.reddit.com/r/Velo/comments/17qt4l8/lost_all_my_motivation_because_of_bad_results/
1qkhnu,https://www.reddit.com/r/pics/comments/1qkhnu/30_stunning_pictures_that_are_worth_more_than/
15ye3y6,https://www.reddit.com/r/Documentaries/comments/15ye3y6/the_real_life_top_gun_fighter_pilot_operation_red/
1crzout,https://www.reddit.com/r/funnyvideos/comments/1crzout/two_ladies_discussing_the_cost_of_living/
1it1ms,https://www.reddit.com/r/shutupandtakemymoney/comments/1it1ms/5_usb_cable_with_iphone_5_4_and_micro_usb_plugs/
1r77ut,https://www.reddit.com/r/ChristopherHitchens/comments/1r77ut/paxman_meets_christopher_hitchens_full_30_minute/
1hjxkx,https://www.reddit.com/r/socialmedia/comments/1hjxkx/2013s_complex_social_media_landscape_in_one_chart/
1m22yx,https://www.reddit.com/r/oklahoma/comments/1m22yx/im_in_okc_for_for_work_for_a_week/
11rkqzb,https://www.reddit.com/r/BeAmazed/comments/11rkqzb/for_those_who_think_baseball_is_easy_heres_an/
14679u7,https://www.reddit.com/r/RelayForReddit/comments/14679u7/was_i_a_good_reddit_app_no_im_told_you_were_the/
134siog,https://www.reddit.com/r/Adulting/comments/134siog/how_are_people_moving_out_and_affording_rent_etc/
1697jbn,https://www.reddit.com/r/BicyclingCirclejerk/comments/1697jbn/kom_on_my_trek/
15fzez8,https://www.reddit.com/r/poker/comments/15fzez8/what_is_the_best_youtube_channel_for_learning/
1fmhyn,https://www.reddit.com/r/funny/comments/1fmhyn/baby_bird_landed_in_one_of_my_customers_chicken/
11k08ev,https://www.reddit.com/r/Documentaries/comments/11k08ev/orwell_rolls_in_his_grave_2003_devastating_expos√©/
11wm62s,https://www.reddit.com/r/StupidFood/comments/11wm62s/omelette_and_bacon_sushi/
1ri6ca,https://www.reddit.com/r/AskReddit/comments/1ri6ca/who_is_the_prettiest_pornstar_in_your_opinion_nsfw/
1d3zul7,https://www.reddit.com/r/Prematurecelebration/comments/1d3zul7/he_was_so_fast/
12aksri,https://www.reddit.com/r/okc/comments/12aksri/deleted_by_user/
220884,https://www.reddit.com/r/pics/comments/220884/my_brothers_10_year_transformation/
1p2i07,https://www.reddit.com/r/rollerblading/comments/1p2i07/originals_part_4_alex_broskow/
13o8fd,https://www.reddit.com/r/Cooking/comments/13o8fd/seared_venison_medallions_with_pan_gravy_steamed/
13bxqjv,https://www.reddit.com/r/creativewriting/comments/13bxqjv/im_not_a_writer_this_just_kinda_happened_would/
10v1kd,https://www.reddit.com/r/guns/comments/10v1kd/sig_p226_question/
130u94f,https://www.reddit.com/r/IAmA/comments/130u94f/im_the_architect_im_an_experience_designer_who/
117vjcg,https://www.reddit.com/r/Unexpected/comments/117vjcg/an_earthquake_happens_during_interview_with/
1fqnqr,https://www.reddit.com/r/awolnation/comments/1fqnqr/awolnation_sail_beatbox_cover/
1qtvav,https://www.reddit.com/r/IAmA/comments/1qtvav/iama_professional_pianist_who_can_improvise_on/
1ozum0,https://www.reddit.com/r/WritingPrompts/comments/1ozum0/cw_tell_a_love_story_including_a_plant_in_5/
25xkok,https://www.reddit.com/r/videos/comments/25xkok/son_scares_the_st_out_of_his_dad_compilation/
1sy9q3,https://www.reddit.com/r/videos/comments/1sy9q3/i_spent_8_months_making_this_7_min_stop_motion/
1q34jl,https://www.reddit.com/r/pics/comments/1q34jl/colorized_historical_photos_can_make_the_past/
25x5xn,https://www.reddit.com/r/subredditoftheday/comments/25x5xn/may_19th_2014_rinterestingasfuck_abandon_all_hope/
1ev3ra,https://www.reddit.com/r/okc/comments/1ev3ra/morning_bar/
1of9oq,https://www.reddit.com/r/ToolBand/comments/1of9oq/new_a_perfect_circle_song_by_and_down_debuts_on/
10rt8r,https://www.reddit.com/r/socialmedia/comments/10rt8r/what_are_some_of_your_favorite_seo_tools/
13eklo,https://www.reddit.com/r/pics/comments/13eklo/george_st_pierre_gsp_after_his_mma_match_last/
11vmklr,https://www.reddit.com/r/FixedGearBicycle/comments/11vmklr/ready_to_race/
1sxrkg,https://www.reddit.com/r/acting/comments/1sxrkg/video_top_actresses_reveal_their/
14ecr81,https://www.reddit.com/r/BeAmazed/comments/14ecr81/i_love_them/
125978,https://www.reddit.com/r/videos/comments/125978/worst_super_mario_bros_player_600_points/
16vl5i,https://www.reddit.com/r/Music/comments/16vl5i/losing_my_religion_major_scaled_this_guy/
147a3b,https://www.reddit.com/r/nyc/comments/147a3b/101_places_to_visit_in_new_york_city_as_i_guess/
1ccst8,https://www.reddit.com/r/Documentaries/comments/1ccst8/oliver_stones_untold_history_of_the_united_states/
1lnye9,https://www.reddit.com/r/Guitar/comments/1lnye9/what_are_some_good_blues_for_beginners/
1ssyrf,https://www.reddit.com/r/videos/comments/1ssyrf/the_high_cost_of_college/
1cmo72p,https://www.reddit.com/r/ActualPublicFreakouts/comments/1cmo72p/that_is_his_name/
16vkxhg,https://www.reddit.com/r/BeAmazed/comments/16vkxhg/the_anatomy_of_a_kiss/
1fjn57,https://www.reddit.com/r/videos/comments/1fjn57/230am_at_a_711_near_disney_world_1987/
24rl65,https://www.reddit.com/r/funny/comments/24rl65/would_you_like_to_start_the_week_with_a_little/
12mmem,https://www.reddit.com/r/SocialEngineering/comments/12mmem/fbi_elicitation_techniques/
126p2ia,https://www.reddit.com/r/okc/comments/126p2ia/deleted_by_user/
137d7pv,https://www.reddit.com/r/AbruptChaos/comments/137d7pv/so_much_happening_during_this_wheelchair_crash/
19aphwc,https://www.reddit.com/r/animalsdoingstuff/comments/19aphwc/how_do_you_feel_about_my_smile/
1gzfzr,https://www.reddit.com/r/okc/comments/1gzfzr/anyone_hiring_in_okc/
194wzc,https://www.reddit.com/r/Guitar/comments/194wzc/i_was_bored_here_are_14_funeasy_progressions_that/
1yrf23,https://www.reddit.com/r/acappella/comments/1yrf23/georgia_on_my_mind_the_funx/
14ab9q4,https://www.reddit.com/r/ToolBand/comments/14ab9q4/guys_check_out_the_new_king_gizzard_album_on/
1y6rjx,https://www.reddit.com/r/malefashionadvice/comments/1y6rjx/man_ironing_shirt_i_learned_a_few_things/
20wgy3,https://www.reddit.com/r/videos/comments/20wgy3/katy_perry_dark_horse_sang_in_20_styles_ten/
365rt0,https://www.reddit.com/r/AskReddit/comments/365rt0/what_website_is_more_fun_than_reddit/
2ucb9j,https://www.reddit.com/r/videos/comments/2ucb9j/nypd_officer_allows_rider_to_mount_the_curb/
4zjoy6,https://www.reddit.com/r/rollerblading/comments/4zjoy6/michel_prado_pro_team_edit/
4efmdt,https://www.reddit.com/r/skateboarding/comments/4efmdt/deleted_by_user/
4ei1as,https://www.reddit.com/r/socialmedia/comments/4ei1as/6_cool_facebook_messenger_features_you_probably/
608ufp,https://www.reddit.com/r/videos/comments/608ufp/if_muhammad_ali_werent_a_boxer_he_would_have_made/
39aiom,https://www.reddit.com/r/fightporn/comments/39aiom/54yearold_man_beats_up_young_punk_on_train/
6rgo48,https://www.reddit.com/r/AskReddit/comments/6rgo48/deleted_by_user/
35qtqy,https://www.reddit.com/r/food/comments/35qtqy/food_cubes/
3ctrff,https://www.reddit.com/r/WTF/comments/3ctrff/get_the_fuck_outta_here/
3ekh7i,https://www.reddit.com/r/Documentaries/comments/3ekh7i/the_real_enemy_2015_i_made_a_documentary_about/
328j6o,https://www.reddit.com/r/TrueReddit/comments/328j6o/how_to_structure_your_days_if_youre_depressed/
320k6b,https://www.reddit.com/r/Guitar/comments/320k6b/john_mayers_face_as_derek_trucks_starts_to_solo/
4d1pnr,https://www.reddit.com/r/videos/comments/4d1pnr/our_friend_is_not_a_fan_of_kevin_spacey_we_have_a/
2zhf6y,https://www.reddit.com/r/todayilearned/comments/2zhf6y/til_niccolo_paganini_regarded_by_many_people_to/
2uqb6z,https://www.reddit.com/r/videos/comments/2uqb6z/transasia_plane_crashed_in_taiwan_the_clearest/
4w3n71,https://www.reddit.com/r/AskReddit/comments/4w3n71/whats_the_most_intellectual_joke_you_know/
4cf9ri,https://www.reddit.com/r/NotTimAndEric/comments/4cf9ri/corey_feldman_has_gotten_really_really_weird/
3dzinj,https://www.reddit.com/r/ChristopherHitchens/comments/3dzinj/hitch_i_dont_think_its_going_to_take_10_minutes/
3g1b1v,https://www.reddit.com/r/RedditThroughHistory/comments/3g1b1v/a_dollar_just_does_not_buy_as_much_as_it_once_did/
2mgshh,https://www.reddit.com/r/classicalmusic/comments/2mgshh/i_am_not_sure_about_mozart_but_i_like_this_guy/
37ljy5,https://www.reddit.com/r/alexis/comments/37ljy5/spoke_at_my_high_school_today_did_not_expect_to/
53qq80,https://www.reddit.com/r/bicycling/comments/53qq80/how_i_feel_everyday_at_work_as_a_bicycle_delivery/
3i7y2p,https://www.reddit.com/r/poker/comments/3i7y2p/anyone_actually_received_their_redditpoker_10/
6v6r1j,https://www.reddit.com/r/AskReddit/comments/6v6r1j/what_is_the_weirdest_film_you_have_ever_seen/
4d38ee,https://www.reddit.com/r/ToolBand/comments/4d38ee/deleted_by_user/
399op3,https://www.reddit.com/r/poker/comments/399op3/any_good_videos_of_live_poker_where_villain_gives/
4fors0,https://www.reddit.com/r/sports/comments/4fors0/the_most_brutal_spinning_knockouts_in_mma/
4dm8ga,https://www.reddit.com/r/ToolBand/comments/4dm8ga/maynard_james_keenans_appearance_on_kids/
5zksaz,https://www.reddit.com/r/malefashionadvice/comments/5zksaz/beginners_guide_to_buying_expensive_clothes_for/
370d7m,https://www.reddit.com/r/videos/comments/370d7m/girl_in_high_school_tearfully_exposes_her/
4vzdxu,https://www.reddit.com/r/funny/comments/4vzdxu/angrily_gets_life_together/
383m8j,https://www.reddit.com/r/food/comments/383m8j/27_diagrams_that_make_cooking_so_much_easier/
2y734e,https://www.reddit.com/r/videos/comments/2y734e/best_conversation_with_a_stranger_ever/
35095j,https://www.reddit.com/r/ToolBand/comments/35095j/maynard_lateralus_solo/
53m2xk,https://www.reddit.com/r/natureismetal/comments/53m2xk/volcano_shockwave/
2go3mo,https://www.reddit.com/r/Documentaries/comments/2go3mo/murder_on_a_sunday_morning_the_academy_award/
4gnxwj,https://www.reddit.com/r/Cooking/comments/4gnxwj/remember_that_old_post_on_how_to_eat_cheaply_as_a/
4cflgk,https://www.reddit.com/r/videos/comments/4cflgk/disturbed_performing_the_sound_of_silence_on_conan/
4cgdid,https://www.reddit.com/r/popping/comments/4cgdid/lower_wisdom_tooth_removal_xpost_rsurgerygifs/
3eoy1z,https://www.reddit.com/r/WTF/comments/3eoy1z/artist_uses_clay_to_sculpt_human_faces_onto/
39b6ug,https://www.reddit.com/r/funny/comments/39b6ug/two_kinds_of_people/
31x46j,https://www.reddit.com/r/acappella/comments/31x46j/billboards_100_top_songs_in_2013_this_a_cappella/
3nfp7z,https://www.reddit.com/r/bicycling/comments/3nfp7z/show_us_your_bikes_new_or_restyled_october_04_2015/
25ym42,https://www.reddit.com/r/funny/comments/25ym42/my_wife_likes_to_leave_me_doodles_they_have_been/
4eaj5j,https://www.reddit.com/r/bestof/comments/4eaj5j/unuranon_explains_the_techniques_david_fincher/
2cssc8,https://www.reddit.com/r/sports/comments/2cssc8/one_of_the_best_hockey_saves_ive_seen/
4chhxx,https://www.reddit.com/r/videos/comments/4chhxx/wheel_of_fortune_genius_destroys_game/
300myo,https://www.reddit.com/r/IAmA/comments/300myo/in_the_past_two_years_ive_read_245_us/
3aykjm,https://www.reddit.com/r/TrueReddit/comments/3aykjm/i_spent_the_last_15_years_trying_to_become_an/
2av0nq,https://www.reddit.com/r/Cooking/comments/2av0nq/who_is_your_favorite_youtube_chef/
3nv64h,https://www.reddit.com/r/food/comments/3nv64h/shakshuka_for_breakfast_bristol_england/
37i26m,https://www.reddit.com/r/acting/comments/37i26m/top_actors_on_acting/
34ulqp,https://www.reddit.com/r/sports/comments/34ulqp/hey_guys_my_brother_is_currently_biking_11000/
2cknf7,https://www.reddit.com/r/Documentaries/comments/2cknf7/brussels_express_bike_messengers_language_mostly/
31qe8n,https://www.reddit.com/r/AskReddit/comments/31qe8n/what_is_the_weirdest_subreddit/
4t03vd,https://www.reddit.com/r/Documentaries/comments/4t03vd/the_torment_of_solitary_confinement_at_pelican/
3apaca,https://www.reddit.com/r/food/comments/3apaca/kitchen_cheat_sheets/
4gfrmk,https://www.reddit.com/r/videos/comments/4gfrmk/proof_that_carbonaro_effect_is_not_fake_raw/
35tm73,https://www.reddit.com/r/Unexpected/comments/35tm73/oh_wow_he_made_a_huma_oh/
4cnj4w,https://www.reddit.com/r/IAmA/comments/4cnj4w/i_was_imprisoned_for_10_years_in_a_north_korean/
2hlcwx,https://www.reddit.com/r/videos/comments/2hlcwx/my_winning_entry_to_a_card_shuffling_competition/
3awiw2,https://www.reddit.com/r/modtalk/comments/3awiw2/its_been_over_3_months_since_reddits_first_and/
2awfff,https://www.reddit.com/r/oklahoma/comments/2awfff/the_craft_beer_guide_to_oklahoma/
2yoly3,https://www.reddit.com/r/videos/comments/2yoly3/on_holidays_from_work_and_with_my_family_out_of/
2tm65o,https://www.reddit.com/r/Cooking/comments/2tm65o/what_dish_has_solidly_embedded_itself_in_your/
3kqyst,https://www.reddit.com/r/NotTimAndEric/comments/3kqyst/my_vagina_aint_handicapped/
35emjy,https://www.reddit.com/r/malefashionadvice/comments/35emjy/who_makes_this_leather_jacket/
4i5gqb,https://www.reddit.com/r/bestof/comments/4i5gqb/android_user_explains_how_he_maximizes_usage_of/
3araur,https://www.reddit.com/r/Frugal/comments/3araur/oh_i_found_the_link_for_the_whole_us_to_find/
3kkcs4,https://www.reddit.com/r/ToolBand/comments/3kkcs4/forty_six_2_tool_solo_acoustic_guitar_cover/
2sbrnc,https://www.reddit.com/r/cringepics/comments/2sbrnc/dude_tries_to_convince_me_his_fake_band_got_a/
2r8tkp,https://www.reddit.com/r/AskReddit/comments/2r8tkp/whats_a_good_mind_fuck_movie_to_watch/
5yyqov,https://www.reddit.com/r/videos/comments/5yyqov/guy_spends_two_years_reediting_breaking_bad_into/
4c5cqm,https://www.reddit.com/r/videos/comments/4c5cqm/comedian_jokes_about_parentingheckler_mother_get/
3kfrun,https://www.reddit.com/r/StandUpComedy/comments/3kfrun/first_day_of_college_decided_to_do_musical/
4esds0,https://www.reddit.com/r/WTF/comments/4esds0/didnt_know_this_was_a_thing_but_im_interested_nsfw/
3ubkio,https://www.reddit.com/r/KenM/comments/3ubkio/ken_m_gets_his_free_samples/
2wy7r9,https://www.reddit.com/r/Documentaries/comments/2wy7r9/citizenfour_2014/
3hv8p2,https://www.reddit.com/r/bestof/comments/3hv8p2/john_mcafee_calls_mcafee_antivirus_one_of_the/
4u853e,https://www.reddit.com/r/videos/comments/4u853e/mans_body_completely_gives_out_50_meters_before/
35xosr,https://www.reddit.com/r/TrueReddit/comments/35xosr/how_to_take_over_a_small_country_in_10_easy_steps/
4hxwwg,https://www.reddit.com/r/videos/comments/4hxwwg/siemens_embarrasses_44000_employees_with_new/
4gei1f,https://www.reddit.com/r/WTF/comments/4gei1f/tuna_swallows_a_seagull_and_spits_it_out/
3v90b8,https://www.reddit.com/r/imagesofthe1980s/comments/3v90b8/in_ad_1981_war_was_beginning_by_somanyminutes_in/
2ce3mq,https://www.reddit.com/r/ideasfortheadmins/comments/2ce3mq/put_a_post_button_under_a_comment/
2t7eg3,https://www.reddit.com/r/personalfinance/comments/2t7eg3/i_cant_afford_obamacare_i_cant_afford_the/
341mg4,https://www.reddit.com/r/Documentaries/comments/341mg4/sex_lies_and_rinsing_guys_2012_girls_who_use/
3at886,https://www.reddit.com/r/bestof/comments/3at886/a_russian_chap_gives_us_all_a_lesson_in_humanity/
2ws25n,https://www.reddit.com/r/Documentaries/comments/2ws25n/incredible_creatures_of_the_deep_ocean_hd_natgeo/
5yh2wf,https://www.reddit.com/r/videos/comments/5yh2wf/the_craziest_landlord_i_have_ever_seen/
3p44xe,https://www.reddit.com/r/videos/comments/3p44xe/converting_an_indian_to_christianity_aka/
34ppf7,https://www.reddit.com/r/videos/comments/34ppf7/for_all_the_disappointed_casual_boxing_fans_still/
4tea5x,https://www.reddit.com/r/socialmedia/comments/4tea5x/freelance_social_media_two_things_i_did_that_my/
3i3d9z,https://www.reddit.com/r/acting/comments/3i3d9z/benedict_cumberbatch_as_smaug_acting/
4aqwvs,https://www.reddit.com/r/pics/comments/4aqwvs/defeating_the_purpose_perfectly/
4d2ad6,https://www.reddit.com/r/oklahoma/comments/4d2ad6/mexican_corn_in_an_cup_in_okc/
3mh88r,https://www.reddit.com/r/videos/comments/3mh88r/michael_jackson_dubbed_by_david_firth_salad/
4i12ws,https://www.reddit.com/r/pics/comments/4i12ws/photos_of_the_female_form_dressed_only_in_light/
4dlczj,https://www.reddit.com/r/rollerblading/comments/4dlczj/polish_witchcraft/
c9hqa,https://www.reddit.com/r/offbeat/comments/c9hqa/lets_fuck_ill_fuck_anything_that_moves_nsfw/
abl6s,https://www.reddit.com/r/secretsanta/comments/abl6s/is_there_a_scalable_version_of_the_santa_alien/
dmkuf,https://www.reddit.com/r/offbeat/comments/dmkuf/this_is_nearly_every_youtube_video_of_andy/
e86z9p,https://www.reddit.com/r/nextfuckinglevel/comments/e86z9p/deleted_by_user/
dtffgv,https://www.reddit.com/r/politics/comments/dtffgv/trump_asked_aides_can_we_just_get_rid_of_the/
dirrk,https://www.reddit.com/r/politics/comments/dirrk/pretty_awesome_video_of_an_outofcharacter_stephen/
8u1ox,https://www.reddit.com/r/pics/comments/8u1ox/the_price_of_piracy/
dxbf9,https://www.reddit.com/r/washingtondc/comments/dxbf9/hey_dc_reddit_i_was_bored_so_i_built_this_if_you/
cqni1i,https://www.reddit.com/r/politics/comments/cqni1i/tea_party_excongressman_joe_walsh_apologizes_for/
8azkm1,https://www.reddit.com/r/natureismetal/comments/8azkm1/nice_try_but_he_never_stood_a_chance/
e9qmy,https://www.reddit.com/r/funny/comments/e9qmy/ever_vigilant/
e9g64,https://www.reddit.com/r/videos/comments/e9g64/top_gear_if_youve_never_watched_it_give_this_a_go/
c9mot,https://www.reddit.com/r/WTF/comments/c9mot/debt_collectors_leave_vulgar_voicemail_and_now/
8wco0,https://www.reddit.com/r/atheism/comments/8wco0/christopher_hitchens_by_the_way_i_think_the/
8h9zxi,https://www.reddit.com/r/Documentaries/comments/8h9zxi/i_think_were_alone_now_2008_a_documentary/
cwm5j,https://www.reddit.com/r/programming/comments/cwm5j/hey_reddit_heres_a_new_and_improved_javascript/
ag9ig,https://www.reddit.com/r/videos/comments/ag9ig/this_tv_show_is_75_hours_long_and_a_quarter_of/
9ac6h,https://www.reddit.com/r/atheism/comments/9ac6h/christopher_hitchens_plays_the_what_if_game/
eorhm,https://www.reddit.com/r/announcements/comments/eorhm/reddit_30_less_typing/
gd4bv,https://www.reddit.com/r/politics/comments/gd4bv/japanese_businesses_agree_to_give_up_tax_cuts_to/
c9gs0,https://www.reddit.com/r/videos/comments/c9gs0/know_your_meme_creepy_chan_allison_harvard/
dpa2c,https://www.reddit.com/r/food/comments/dpa2c/henry_rollins_on_mcdonalds/
bvy2i,https://www.reddit.com/r/philosophy/comments/bvy2i/rascal_your_name_schopenhauer_vs_the_internet/
cyt6q,https://www.reddit.com/r/lectures/comments/cyt6q/heres_all_of_yales_online_courses_free_on_youtube/
bqgqt,https://www.reddit.com/r/videos/comments/bqgqt/ronald_jenkees_keyboard_god/
bwtvr,https://www.reddit.com/r/atheism/comments/bwtvr/how_to_make_sure_someone_is_really_a_christian/
9buq4,https://www.reddit.com/r/funny/comments/9buq4/total_eclipse_of_the_flow_chart_pic/
9te19,https://www.reddit.com/r/AskReddit/comments/9te19/women_of_reddit_how_obvious_are_our_boob_glances/
cc4ls,https://www.reddit.com/r/atheism/comments/cc4ls/the_one_true_religion/
c92slu,https://www.reddit.com/r/instant_regret/comments/c92slu/trump_regrets_getting_near_the_eagle/
9dj7f7,https://www.reddit.com/r/politics/comments/9dj7f7/bring_it_cory_booker_says_hes_releasing_a/
cq8j11,https://www.reddit.com/r/politics/comments/cq8j11/bernie_sanders_can_beat_trump/
8sz12,https://www.reddit.com/r/worldnews/comments/8sz12/comprehensive_breakdown_of_the_current_situation/
ccbpzr,https://www.reddit.com/r/AskReddit/comments/ccbpzr/what_book_fucked_you_up_mentally/
cmjyoq,https://www.reddit.com/r/u_Lotshell/comments/cmjyoq/50_off_mens_short_sleeve_cycling_jerseybibsshorts/
9lz3vg,https://www.reddit.com/r/politics/comments/9lz3vg/senate_confirms_kavanaughs_supreme_court/
gs8yl,https://www.reddit.com/r/business/comments/gs8yl/this_tech_bubble_is_different_the_best_minds_of/
anexq,https://www.reddit.com/r/AskReddit/comments/anexq/hey_reddit_what_awesome_graffiti_have_you_found/
fygeow,https://www.reddit.com/r/theocho/comments/fygeow/the_sport_we_need/
9xd00,https://www.reddit.com/r/technology/comments/9xd00/hulu_is_not_changing_the_for_free_portion_of_the/
9olsy,https://www.reddit.com/r/technology/comments/9olsy/use_google_to_find_mp3s/
anx48,https://www.reddit.com/r/AskReddit/comments/anx48/reddit_what_is_the_most_powerful_short_video/
a9l65,https://www.reddit.com/r/videos/comments/a9l65/were_the_hell_do_they_get_all_those_aks_anyway/
8wg6g,https://www.reddit.com/r/WTF/comments/8wg6g/michael_jacksons_billy_jean_played_by_young/
dfw74,https://www.reddit.com/r/atheism/comments/dfw74/it_works_like_this_comic/
8y54m,https://www.reddit.com/r/AskReddit/comments/8y54m/what_does_reddit_consider_the_best_of_youtube/
9tfg8,https://www.reddit.com/r/atheism/comments/9tfg8/epic_letter_to_fundamentalist_xtian_grandmother/
9bjw9,https://www.reddit.com/r/videos/comments/9bjw9/iphone_gun_rampage_i_havent_laughed_this_hard_in/
8wfpb,https://www.reddit.com/r/worldnews/comments/8wfpb/robert_baer_said_on_cnn_that_the_irg_has/
fms0w1,https://www.reddit.com/r/MotivateInspire/comments/fms0w1/an_outraged_city_official_called_out_the_mayor/
bvc2z,https://www.reddit.com/r/poker/comments/bvc2z/reddit_poker_tourneys_apr_24_plo_4pm_est_apr_25/
f7lq4m,https://www.reddit.com/r/SubredditDrama/comments/f7lq4m/user_18f_shares_relationship_problems_with_her/
by9yv,https://www.reddit.com/r/science/comments/by9yv/a_video_about_memristors_but_simply_one_of_the/
dkkuj,https://www.reddit.com/r/videos/comments/dkkuj/boys_you_try_to_raise_them_right_and_theyre_just/
dcy82,https://www.reddit.com/r/nyc/comments/dcy82/extending_my_offer_need_help/
elbhce,https://www.reddit.com/r/PublicFreakout/comments/elbhce/keeping_the_pimp_hand_strong/
9cm4b,https://www.reddit.com/r/reddit.com/comments/9cm4b/fuck_sears_they_forced_reddit_to_remove_a_post/
dhjtd,https://www.reddit.com/r/philosophy/comments/dhjtd/thank_you_rational_argument_man/
ctac2,https://www.reddit.com/r/AskReddit/comments/ctac2/what_is_your_favorite_porn_video_freely_available/
9vsm0,https://www.reddit.com/r/atheism/comments/9vsm0/thank_you_jack_chick_for_summing_up_everything/
bpevz,https://www.reddit.com/r/reddit.com/comments/bpevz/my_family_recently_found_two_songs_on_sheet_music/
d6kdc,https://www.reddit.com/r/politics/comments/d6kdc/we_had_one_president_who_told_us_the_truth_you/
enwx41,https://www.reddit.com/r/a:t5_2bvhvc/comments/enwx41/the_attention_to_detail/
ckqj6t,https://www.reddit.com/r/bicycling/comments/ckqj6t/1500_in_1898_major_taylor_is_a_hero/
d9nwn,https://www.reddit.com/r/pics/comments/d9nwn/well_done_reddit_youve_made_an_old_man_happy/
d7tgz,https://www.reddit.com/r/atheism/comments/d7tgz/i_told_my_mother_that_glenn_beck_is_full_of_it/
bmjed,https://www.reddit.com/r/programming/comments/bmjed/this_may_be_a_little_dense_but_this_is_an_intro/
c7ni1,https://www.reddit.com/r/nyc/comments/c7ni1/david_simon_creator_of_the_wire_rants_about_new/
8rncfv,https://www.reddit.com/r/StandUpComedy/comments/8rncfv/is_30_too_old_to_start_comedy/
atrrhx,https://www.reddit.com/r/politics/comments/atrrhx/mueller_filing_on_manafort_sentencing_still_not/
fvvpvk,https://www.reddit.com/r/OKmarijuana/comments/fvvpvk/my_favorite_thing_to_wake_up_to_so_this_pretty/
di285,https://www.reddit.com/r/ColbertRally/comments/di285/official_redditor_hotel_list_i_will_compile_list/
a8hc6,https://www.reddit.com/r/secretsanta/comments/a8hc6/a_couple_of_funny_redditrelated_secret_santa_ideas/
anmx7,https://www.reddit.com/r/AskReddit/comments/anmx7/reddit_web_developers_what_easter_eggs_have_you/
8uocw,https://www.reddit.com/r/worldnews/comments/8uocw/nedas_fiance_speaks_out/
9un69k,https://www.reddit.com/r/politics/comments/9un69k/federal_judge_allows_north_dakota_republicans_to/
cyxn7,https://www.reddit.com/r/IAmA/comments/cyxn7/iama_guy_who_wants_us_to_chip_in_and_buy_a_reddit/
cp9fbp,https://www.reddit.com/r/AskReddit/comments/cp9fbp/if_written_like_a_news_report_what_stories_from/
bju8n,https://www.reddit.com/r/videos/comments/bju8n/scarface_school_play/
civvly,https://www.reddit.com/r/sports/comments/civvly/67_feet_high_80degree_slope_hold_your_breath_as/
bgrmj,https://www.reddit.com/r/politics/comments/bgrmj/pointcounterpoint/
dj10c,https://www.reddit.com/r/relationship_advice/comments/dj10c/i_feel_like_giving_up/
8spve,https://www.reddit.com/r/pics/comments/8spve/zoom_in_on_this_ant_zoom_in_on_it/
cmssf2,https://www.reddit.com/r/fightporn/comments/cmssf2/kid_gets_put_to_sleep_in_a_train/
dhwbk,https://www.reddit.com/r/funny/comments/dhwbk/so_a_c_an_eflat_and_a_g_walk_into_a_bar/
d351s,https://www.reddit.com/r/promos/comments/d351s/buy_this_book_leave_it_right_out_on_the_coffee/
aiwv6,https://www.reddit.com/r/atheism/comments/aiwv6/richard_dawkins_interviews_deepak_chopra_vid/
87gf7,https://www.reddit.com/r/reddit.com/comments/87gf7/notice_how_theyre_starting_to_crack_down_on_the/
91hb9,https://www.reddit.com/r/politics/comments/91hb9/bill_moyers_obtained_these_documents_they_map_out/
ctcko,https://www.reddit.com/r/beer/comments/ctcko/hey_rbeer_im_going_to_be_in_brooklyn_next/
9a5t5,https://www.reddit.com/r/AskReddit/comments/9a5t5/im_beginning_to_get_tired_of_the_various_beers/
b50gkr,https://www.reddit.com/r/politics/comments/b50gkr/megathread_ag_willam_barr_releases_his_top_line/
guktv,https://www.reddit.com/r/reddit.com/comments/guktv/after_5_years_of_surfing_reddit_these_are_my/
dbpx1,https://www.reddit.com/r/food/comments/dbpx1/bourbon_nutella_milkshake/
cdzgty,https://www.reddit.com/r/ThatsInsane/comments/cdzgty/67_feet_high_80degree_slope_hold_your_breath_as/
elky5z,https://www.reddit.com/r/Instantregret/comments/elky5z/pimp_slap/
bvxtk,https://www.reddit.com/r/programming/comments/bvxtk/cuda_40_webcam_art/
7yvhmi,https://www.reddit.com/r/AskReddit/comments/7yvhmi/what_is_the_most_interesting_documentary_youve/
d5jz0b,https://www.reddit.com/r/fightporn/comments/d5jz0b/fancy_moves_wins_this_fight_for_the_smaller_guy/
c7jst,https://www.reddit.com/r/IAmA/comments/c7jst/iama_retained_recruiter_in_new_york_this_is_my/
p475s0,https://www.reddit.com/r/acting/comments/p475s0/last_year_i_was_planning_on_taking_a_workshop/
nxe2gz,https://www.reddit.com/r/videos/comments/nxe2gz/how_brands_expect_us_to_react_during_pride_month/
lhptdw,https://www.reddit.com/r/PublicFreakout/comments/lhptdw/they_all_freakin_out_but_not_da_king/
l629z,https://www.reddit.com/r/videos/comments/l629z/the_strangest_and_most_intense_animated_short_i/
of572g,https://www.reddit.com/r/Cooking/comments/of572g/what_all_in_one_seasoning_do_you_swear_by/
mik3rg,https://www.reddit.com/r/toptalent/comments/mik3rg/i_can_do_a_way_off_key_twinkle_twinkle_little/
otfszm,https://www.reddit.com/r/cripplingalcoholism/comments/otfszm/hercules_is_the_best_disney_movie_and_also_i_am/
mwdrm8,https://www.reddit.com/r/funny/comments/mwdrm8/milestones_oc/
mma9eg,https://www.reddit.com/r/blackmagicfuckery/comments/mma9eg/our_brains_are_very_weird/
nfe2s,https://www.reddit.com/r/bicycling/comments/nfe2s/as_silly_as_it_looks_its_all_very_positive/
md8hsq,https://www.reddit.com/r/PublicFreakout/comments/md8hsq/law_quoting_scotsman_films_himself_being_barred/
ih8umz,https://www.reddit.com/r/interestingasfuck/comments/ih8umz/dramatic_differences_in_two_boys_who_were_exposed/
ihznrz,https://www.reddit.com/r/fightporn/comments/ihznrz/he_is_ripping_off_his_fcking_legs/
ljhuxn,https://www.reddit.com/r/PoliticalHumor/comments/ljhuxn/saving_impeachment_for_when_it_really_matters/
mj83ey,https://www.reddit.com/r/nyc/comments/mj83ey/easter_sunday_in_harlem_photo_and_cropping_by/
os0ss1,https://www.reddit.com/r/oklahoma/comments/os0ss1/oklahoma_governor_called_out_on_his_sh/
leuy7,https://www.reddit.com/r/lectures/comments/leuy7/cspan_3_hour_interview_with_michael_moore/
lxzay9,https://www.reddit.com/r/tattoo/comments/lxzay9/my_creepy_little_fairy_done_by_jay_at_august/
jultf7,https://www.reddit.com/r/PoliticalHumor/comments/jultf7/a_petulant_child/
ok40mt,https://www.reddit.com/r/oklahoma/comments/ok40mt/happy_birthday_woody_youre_one_of_the_best_okies/
mmhgza,https://www.reddit.com/r/BicyclingCirclejerk/comments/mmhgza/who_is_better_at_riding_a_bike/
jjprs,https://www.reddit.com/r/Fitness/comments/jjprs/starting_stretching_a_flexibility_program_for/
pl65v,https://www.reddit.com/r/funny/comments/pl65v/watch_out_weve_got_a_badass_over_here/
oycime,https://www.reddit.com/r/idiotsonbicycles/comments/oycime/this_so_belongs_here/
iqmh3,https://www.reddit.com/r/Random_Acts_Of_Pizza/comments/iqmh3/when_ordering_a_dominos_pizza/
i9mx4,https://www.reddit.com/r/videos/comments/i9mx4/henry_rollins_has_a_pair_of_boots_thrown_at_him/
jrti6h,https://www.reddit.com/r/Whatcouldgowrong/comments/jrti6h/wcgw_forgetting_to_switch_to_the_alt_account/
o6x8p6,https://www.reddit.com/r/videos/comments/o6x8p6/jena_friedmans_absurd_hilarious_and_frightening/
myf39p,https://www.reddit.com/r/Documentaries/comments/myf39p/the_panama_papers_2018_trailer_for_a_documentary/
o4gmds,https://www.reddit.com/r/AnimalsBeingDerps/comments/o4gmds/squirrel_has_an_existential_crisis/
iob49j,https://www.reddit.com/r/politics/comments/iob49j/discussion_thread_president_trump_holds_news/
l8ack,https://www.reddit.com/r/AskReddit/comments/l8ack/what_is_the_biggest_fail_date_you_have_ever_had/
m5yct6,https://www.reddit.com/r/Guitar/comments/m5yct6/newbie_can_anyone_recommend_me_some_beginner/
n2je0q,https://www.reddit.com/r/WTF/comments/n2je0q/regret_cat/
noulpe,https://www.reddit.com/r/Unexpected/comments/noulpe/congrats_graduates/
p8bqc,https://www.reddit.com/r/musictheory/comments/p8bqc/please_tell_me_its_not_just_me_and_that_these/
i6ezq,https://www.reddit.com/r/reddit.com/comments/i6ezq/for_some_reason_hulu_has_agreed_to_let_reddit/
mcsay3,https://www.reddit.com/r/AccidentalSlapStick/comments/mcsay3/squish/
nd9c30,https://www.reddit.com/r/AnimalsBeingDerps/comments/nd9c30/hes_not_sure_if_he_likes_the_belly_rubs/
iih3e8,https://www.reddit.com/r/bicycling/comments/iih3e8/some_signs_are_hard_to_interpret_not_this_one/
h9hcvm,https://www.reddit.com/r/politics/comments/h9hcvm/mitt_romney_says_its_clear_that_fellow_gop/
jq8ar7,https://www.reddit.com/r/popping/comments/jq8ar7/this_feels_like_a_crossover_between_popping_and/
lfylbo,https://www.reddit.com/r/ChristopherHitchens/comments/lfylbo/collection_of_photos_remembering_christopher/
m1os53,https://www.reddit.com/r/youseeingthisshit/comments/m1os53/cows_absolutely_adore_accordion_music/
ogsuil,https://www.reddit.com/r/interestingasfuck/comments/ogsuil/this_art_exercise/
odk7lr,https://www.reddit.com/r/tooktoomuch/comments/odk7lr/trying_to_pass_a_drinking_test/
nfazk0,https://www.reddit.com/r/nextfuckinglevel/comments/nfazk0/dudes_vocals_are_unreal/
mtyirm,https://www.reddit.com/r/PoliticalHumor/comments/mtyirm/were_going_to_need_more_paper/
olw0hx,https://www.reddit.com/r/Unexpected/comments/olw0hx/jack_nicholson_knows_what_is_up/
p6h5d8,https://www.reddit.com/r/Whatcouldgowrong/comments/p6h5d8/wcgw_everytime_when_i_try_to_take_the_next_step/
m06qvh,https://www.reddit.com/r/Cooking/comments/m06qvh/acidity_is_not_a_single_flavor/
lwsr3,https://www.reddit.com/r/videos/comments/lwsr3/hit_fullscreen_and_enjoy_the_ride/
md2ets,https://www.reddit.com/r/videos/comments/md2ets/accept_all_cookies/
ord75,https://www.reddit.com/r/videos/comments/ord75/sit_back_turn_off_the_lights_and_enjoy_the_50/
j07f6,https://www.reddit.com/r/nyc/comments/j07f6/your_favorite_under_5dollar_meal/
jamxg,https://www.reddit.com/r/opendirectories/comments/jamxg/lotsa_pop_songs_in_the_gregorian_chant_style/
mrdi8q,https://www.reddit.com/r/Whatcouldgowrong/comments/mrdi8q/wcgw_stealing_someones_package/
pm7grg,https://www.reddit.com/r/tooktoomuch/comments/pm7grg/who_of_you_spiked_this_towns_water_supply_with/
hrbue2,https://www.reddit.com/r/interestingasfuck/comments/hrbue2/i_pointed_my_telescope_at_the_andromeda_galaxy/
ijh4f2,https://www.reddit.com/r/tooktoomuch/comments/ijh4f2/i_hope_you_enjoy_documentaries_as_much_as_i_do/
mfrq0g,https://www.reddit.com/r/tooktoomuch/comments/mfrq0g/new_way_to_ride_a_bike/
jbkir,https://www.reddit.com/r/IAmA/comments/jbkir/i_visited_an_ultraorthodox_jewish_village_was/
plles,https://www.reddit.com/r/funny/comments/plles/the_irishmans_watch/
pa9m06,https://www.reddit.com/r/nextfuckinglevel/comments/pa9m06/yakut_fishermen_found_a_mammoth_tusk_in_the_river/
hmmufw,https://www.reddit.com/r/tattoo/comments/hmmufw/creation_of_manred_floral_piece_done_by_tony/
gvr1o,https://www.reddit.com/r/videos/comments/gvr1o/charlie_sheen_responds_to_media_outrage_by/
l9fkj3,https://www.reddit.com/r/PublicFreakout/comments/l9fkj3/excuse_me_going_down/
log9m9,https://www.reddit.com/r/PoliticalHumor/comments/log9m9/seetold_you_it_was_all_joes_fault/
pjzxki,https://www.reddit.com/r/okc/comments/pjzxki/thank_you_to_whoever_covered_up_the_gang_tags_on/
lfn5ir,https://www.reddit.com/r/Frugal/comments/lfn5ir/unclaimed_property_office_legit_money_i_didnt/
ordo6r,https://www.reddit.com/r/acting/comments/ordo6r/hiring_looking_for_actors_to_film_short_selfie/
i9shbs,https://www.reddit.com/r/tattoo/comments/i9shbs/insane_owl_tattoo_by_michael_stade_at_big_time/
ootozd,https://www.reddit.com/r/SocialEngineering/comments/ootozd/man_jumps_out_of_a_moving_car_during_police_chase/
papx6,https://www.reddit.com/r/pics/comments/papx6/oklahoma_walmart/
lz739m,https://www.reddit.com/r/tooktoomuch/comments/lz739m/darwin_awards_trainee_on_meth_or_pcp/
ncz35q,https://www.reddit.com/r/bikecommuting/comments/ncz35q/flying_illustration_by_me_hilbrand_bos_2020/
nczvqo,https://www.reddit.com/r/natureismetal/comments/nczvqo/this_is_a_gaboon_viper_they_have_secondhighest/
npkvyc,https://www.reddit.com/r/oklahoma/comments/npkvyc/no_title_needed/
l8ypz,https://www.reddit.com/r/beer/comments/l8ypz/custom_etched_beer_glasses_by_a_redditor_for/
idggy0,https://www.reddit.com/r/Frugal/comments/idggy0/2_yrs_ago_i_was_23_of_rall_for_a_post_i_made_here/
m3cnux,https://www.reddit.com/r/MusicalTheatre/comments/m3cnux/lincoln_center_theater_unlocks_4_broadway/
i02ph3,https://www.reddit.com/r/interestingasfuck/comments/i02ph3/robber_shoots_the_security_camera_in_the_bank/
jq7npo,https://www.reddit.com/r/science/comments/jq7npo/game_combats_political_misinformation_by_letting/
l85ot,https://www.reddit.com/r/politics/comments/l85ot/99_a_warning_to_ows_and_the_rest_of_us/
ndhcr6,https://www.reddit.com/r/theocho/comments/ndhcr6/ricocheted_bullseye/
mlioyb,https://www.reddit.com/r/PublicFreakout/comments/mlioyb/too_many_mimosas/
m4d61j,https://www.reddit.com/r/Whatcouldgowrong/comments/m4d61j/wcgw_entering_the_parking_facility_before_the/
jkfxg,https://www.reddit.com/r/Cooking/comments/jkfxg/what_delicious_food_combinations_do_you_know_that/
p36ehn,https://www.reddit.com/r/OKmarijuana/comments/p36ehn/best_flower_in_oklahoma/
mjhsym,https://www.reddit.com/r/PublicFreakout/comments/mjhsym/a_bull_in_a_china_shop/
md84ck,https://www.reddit.com/r/pics/comments/md84ck/tattoo_made_in_two_styles_by_a_french_artist/
ndkuzr,https://www.reddit.com/r/bikecommuting/comments/ndkuzr/braving_the_weather_iii_illo_by_me_hilbrand_bos/
hm9hpk,https://www.reddit.com/r/interestingasfuck/comments/hm9hpk/using_minecraft_to_fight_censorship/
leew9,https://www.reddit.com/r/todayilearned/comments/leew9/til_many_copyright_movies_are_available_on/
i31yp6,https://www.reddit.com/r/nextfuckinglevel/comments/i31yp6/coach_puts_on_his_professional_face/
nxogcy,https://www.reddit.com/r/FixedGearBicycle/comments/nxogcy/new_bike_day_1970s_gitane/
j02jz,https://www.reddit.com/r/videos/comments/j02jz/grand_prize_winner_six_lines_only_3_minute_film/
okhzat,https://www.reddit.com/r/poker/comments/okhzat/wonderously_great_read_i_did_a_double_take_when_i/
piatiw,https://www.reddit.com/r/PublicFreakout/comments/piatiw/welcome_to_philly/
meo8am,https://www.reddit.com/r/fightporn/comments/meo8am/kick_the_baby/
s1vreo,https://www.reddit.com/r/WinStupidPrizes/comments/s1vreo/deleted_by_user/
vh3keb,https://www.reddit.com/r/ActualPublicFreakouts/comments/vh3keb/meanwhile_in_brazil_criminal_uses_smuggled_gun_to/
qrzj7o,https://www.reddit.com/r/PublicFreakout/comments/qrzj7o/karen_is_outraged_because_there_is_no_valet/
s751xh,https://www.reddit.com/r/Bikeporn/comments/s751xh/forks_and_headset_mocked/
tojrif,https://www.reddit.com/r/nextfuckinglevel/comments/tojrif/mongolian_throat_singing/
suoj60,https://www.reddit.com/r/interestingasfuck/comments/suoj60/this_is_what_happens_when_one_company_owns_dozens/
sgjfl8,https://www.reddit.com/r/DocumentedFights/comments/sgjfl8/black_shirt_tries_to_fight_new_kid_at_school/
uyzrik,https://www.reddit.com/r/Unexpected/comments/uyzrik/he_layed_it/
ufcg0k,https://www.reddit.com/r/Unexpected/comments/ufcg0k/conjuring_your_inner_demon/
ujaexh,https://www.reddit.com/r/FUCKYOUINPARTICULAR/comments/ujaexh/well_sheet_man/
r4fo62,https://www.reddit.com/r/ToolBand/comments/r4fo62/i_used_an_ai_app_to_generate_art_based_on_tool/
sk9w64,https://www.reddit.com/r/PublicFreakout/comments/sk9w64/passenger_stressing_the_bus_driver_out_and_almost/
u4pi7,https://www.reddit.com/r/musictheory/comments/u4pi7/i_love_all_of_the_music_theory_in_works_by_the/
ud3i28,https://www.reddit.com/r/FUCKYOUINPARTICULAR/comments/ud3i28/fuck_this_whole_group_of_idiots/
umr19h,https://www.reddit.com/r/skateboarding/comments/umr19h/the_180_though/
uo9yy1,https://www.reddit.com/r/IdiotsNearlyDying/comments/uo9yy1/just_two_good_ol_boys_never_meanin_no_harm_beats/
uxedyi,https://www.reddit.com/r/Idiotswithguns/comments/uxedyi/failed_at_both_parenting_and_gun_safety/
toxsff,https://www.reddit.com/r/Unexpected/comments/toxsff/thats_kinda_fd_up/
qs6ib0,https://www.reddit.com/r/Documentaries/comments/qs6ib0/secrets_of_the_cias_final_days_in_vietnam_1985/
tafmel,https://www.reddit.com/r/PoliticalHumor/comments/tafmel/fck_robin_regan_and_these_mfers/
qrxcfk,https://www.reddit.com/r/PoliticalHumor/comments/qrxcfk/patriotism/
sc9s1d,https://www.reddit.com/r/ToolBand/comments/sc9s1d/unpopular_opinion_why_i_dont_like_lateralus_that/
sbpveb,https://www.reddit.com/r/FixedGearBicycle/comments/sbpveb/got_a_roll_of_film_back_my_tracklocross_bike/
pv6ypg,https://www.reddit.com/r/UniversityofReddit/comments/pv6ypg/i_am_an_arabic_tutor_i_will_teach_you_msa/
vjjupj,https://www.reddit.com/r/toptalent/comments/vjjupj/amazing_display_of_balance_and_flexibility/
ps3mt4,https://www.reddit.com/r/instant_regret/comments/ps3mt4/hang_in_there_its_worth_it_shes_cute_you_can_do_it/
t1brcq,https://www.reddit.com/r/WatchPeopleDieInside/comments/t1brcq/pulling_the_trump_card_xpost_rgifs/
sl0hff,https://www.reddit.com/r/nextfuckinglevel/comments/sl0hff/15_years_of_pro_beatboxing/
t3y8u4,https://www.reddit.com/r/WinStupidPrizes/comments/t3y8u4/deleted_by_user/
u7p6wv,https://www.reddit.com/r/hot_dog/comments/u7p6wv/i_already_know_what_i_want_for_christmas/
t0aedk,https://www.reddit.com/r/Documentaries/comments/t0aedk/adam_curtis_2016_how_putin_manipulated_the/
tn9utm,https://www.reddit.com/r/PublicFreakout/comments/tn9utm/cops_enter_wrong_house_refuse_to_leave/
txrut3,https://www.reddit.com/r/EAF/comments/txrut3/eaf_swing_transfer/
uvvhal,https://www.reddit.com/r/Documentaries/comments/uvvhal/finding_filippidis_the_search_for_the_missing/
r02ukx,https://www.reddit.com/r/fightporn/comments/r02ukx/almost_more_interested_in_a_translation_tbh/
uiefrm,https://www.reddit.com/r/PoliticalHumor/comments/uiefrm/i_could_swear_there_was_a_word_for_people_like/
vdo5eb,https://www.reddit.com/r/nextfuckinglevel/comments/vdo5eb/when_hades_calls_you_but_you_refuse_to_go/
racni,https://www.reddit.com/r/IAmA/comments/racni/the_last_35_years_i_have_dedicated_my_mind_and/
ukc7dn,https://www.reddit.com/r/singing/comments/ukc7dn/which_singing_style_sounds_better_in_your_opinion/
t168kl,https://www.reddit.com/r/toptalent/comments/t168kl/american_archer_shows_modern_bow_to_hunting_tribe/
s4wqcl,https://www.reddit.com/r/OKmarijuana/comments/s4wqcl/finally_got_to_try_high_rise_wellness/
te3y3s,https://www.reddit.com/r/OKmarijuana/comments/te3y3s/panic_my_license_expires_tomorrow_so_i_need_a/
pooq5p,https://www.reddit.com/r/funny/comments/pooq5p/one_more_theory/
sume9p,https://www.reddit.com/r/PublicFreakout/comments/sume9p/when_you_mix_coca_cola_with_liquid_nitrogen/
tnl2er,https://www.reddit.com/r/blackmagicfuckery/comments/tnl2er/spinstabilized_magnetic_levitation/
t1dk6s,https://www.reddit.com/r/MurderedByWords/comments/t1dk6s/louder_with_dumbass/
t3unw5,https://www.reddit.com/r/nextfuckinglevel/comments/t3unw5/man_shows_off_what_he_can_do_with_a_one/
rv7m9i,https://www.reddit.com/r/Foodforthought/comments/rv7m9i/your_attention_didnt_collapse_it_was_stolen/
ulvmgn,https://www.reddit.com/r/skateboarding/comments/ulvmgn/chris_wimer_not_too_many_people_can_bone_out_like/
s7722n,https://www.reddit.com/r/MusicalTheatre/comments/s7722n/heres_my_take_on_a_fulllength_readthrough_by/
s8eqv0,https://www.reddit.com/r/nextfuckinglevel/comments/s8eqv0/this_is_the_most_complex_origami_i_have_ever_done/
sbdk74,https://www.reddit.com/r/freelance_forhire/comments/sbdk74/for_hire_i_will_curate_research_and_summarize_all/
usqoht,https://www.reddit.com/r/tacos/comments/usqoht/korean_steak_tacos/
u9jvd2,https://www.reddit.com/r/fightporn/comments/u9jvd2/fighting_the_locals_on_your_hawaii_vacation_isnt/
thtrr5,https://www.reddit.com/r/PoliticalHumor/comments/thtrr5/deleted_by_user/
ps0fpm,https://www.reddit.com/r/Whatcouldgowrong/comments/ps0fpm/elderly_people_on_a_seesaw_what_could_go_wrong/
rpzafg,https://www.reddit.com/r/poker/comments/rpzafg/professional_poker_player_banned_for_deceiving/
vlppxq,https://www.reddit.com/r/facepalm/comments/vlppxq/what_if_america_was_a_dictatorship/
tuywsx,https://www.reddit.com/r/DocumentedFights/comments/tuywsx/deleted_by_user/
qb4zh6,https://www.reddit.com/r/worldnews/comments/qb4zh6/a_chinese_propaganda_film_about_the_defeat_of_the/
ujueu2,https://www.reddit.com/r/IdiotsInCars/comments/ujueu2/should_have_looked_left/
pot9y8,https://www.reddit.com/r/nextfuckinglevel/comments/pot9y8/deleted_by_user/
t9qs9t,https://www.reddit.com/r/bicycling/comments/t9qs9t/help_me_decipher_my_grandpas_cycling_notes/
roj98n,https://www.reddit.com/r/BicyclingCirclejerk/comments/roj98n/5_yo_my_first_bice_its_not_much_but_its_a_start/
ryh38n,https://www.reddit.com/r/tattoo/comments/ryh38n/bike_tattoo_done_by_me_in_san_francisco_ig/
t0b6i0,https://www.reddit.com/r/PoliticalHumor/comments/t0b6i0/boom/
ttlnh8,https://www.reddit.com/r/toptalent/comments/ttlnh8/unbelievable_hand_and_brush_control/
ufywto,https://www.reddit.com/r/OKmarijuana/comments/ufywto/how_much_for_decent_smokable_flower/
rhns1a,https://www.reddit.com/r/drawing/comments/rhns1a/a_tiring_day/
r9w78d,https://www.reddit.com/r/shittyfoodporn/comments/r9w78d/huh/
rsm28,https://www.reddit.com/r/fashion/comments/rsm28/what_clothing_sorcery_is_this/
s6gkqt,https://www.reddit.com/r/interestingasfuck/comments/s6gkqt/riding_abandoned_railroad_tracks_in_southern/
pu99dh,https://www.reddit.com/r/pics/comments/pu99dh/granddaughter_watching_her_grandfather_break_into/
ua4mjg,https://www.reddit.com/r/NatureIsFuckingLit/comments/ua4mjg/kangaroo_subtly_and_discretely_scratching_its/
t0aqwn,https://www.reddit.com/r/toptalent/comments/t0aqwn/the_real_flying_beasts/
vc53nc,https://www.reddit.com/r/PublicFreakout/comments/vc53nc/cop_tries_to_bully_informed_citizens_and_leaves/
t5qmd5,https://www.reddit.com/r/IdiotsInCars/comments/t5qmd5/deleted_by_user/
pqqgn0,https://www.reddit.com/r/poker/comments/pqqgn0/the_stacking_chips_ten_high_killed_me/
u4fct,https://www.reddit.com/r/opendirectories/comments/u4fct/huge_collection_of_accapellas/
rpuqbj,https://www.reddit.com/r/schoolfight/comments/rpuqbj/wtf_is_going_on/
smavnk,https://www.reddit.com/r/PublicFreakout/comments/smavnk/hiker_angry_about_wheelchair/
po6jlt,https://www.reddit.com/r/poker/comments/po6jlt/ive_heard_a_lot_of_funny_comments_at_a_poker/
tm364i,https://www.reddit.com/r/sports/comments/tm364i/sky_diving_with_skis_from_the_ultimate_chairlift/
qaxtja,https://www.reddit.com/r/PublicFreakout/comments/qaxtja/thats_a_nice_fish_but_his_wife_is_the_real_catch/
sl0m30,https://www.reddit.com/r/interestingasfuck/comments/sl0m30/the_size_difference_between_shaquille_oneal_and/
s0sfyn,https://www.reddit.com/r/poker/comments/s0sfyn/bankroll_rebuild_challenge_4_to_254_in_two_days/
swpcr6,https://www.reddit.com/r/schoolfight/comments/swpcr6/the_sound_effects_lmaoooo/
q20d79,https://www.reddit.com/r/instant_regret/comments/q20d79/accidentally_took_a_shot_of_salt/
svegnu,https://www.reddit.com/r/funny/comments/svegnu/just_another_ballon_hack/
u45pln,https://www.reddit.com/r/NYCbike/comments/u45pln/this_is_exactly_why_we_need_more_of_these_barriers/
s5ullq,https://www.reddit.com/r/nextfuckinglevel/comments/s5ullq/gareth_potts_clears_the_pool_table_in_under_30_sec/
vajild,https://www.reddit.com/r/WinStupidPrizes/comments/vajild/pedestrian_crosses_the_barriers_and_wanders_in/
vhnjs5,https://www.reddit.com/r/Documentaries/comments/vhnjs5/deleted_by_user/
pr8jce,https://www.reddit.com/r/bicycling/comments/pr8jce/hell_yes/
utt52p,https://www.reddit.com/r/FUCKYOUINPARTICULAR/comments/utt52p/yer_out/
u1i7le,https://www.reddit.com/r/nextfuckinglevel/comments/u1i7le/would_you_ride_ultralight_personal_hang_glider/
r5zks6,https://www.reddit.com/r/CrazyFuckingVideos/comments/r5zks6/michigan_school_shooter_trying_to_lure_students/
ps2vp4,https://www.reddit.com/r/RedditForGrownups/comments/ps2vp4/45_minutes_of_unedited_mtv_music_television_from/
v8cr08,https://www.reddit.com/r/AnimalsBeingJerks/comments/v8cr08/sit_on_the_egg_you_idiot/
udk83j,https://www.reddit.com/r/WinStupidPrizes/comments/udk83j/doing_a_flip_in_a_corner_store_even_after_youre/
vs3xj7,https://www.reddit.com/r/ActualPublicFreakouts/comments/vs3xj7/deleted_by_user/
wu3fw,https://www.reddit.com/r/socialmedia/comments/wu3fw/barry_liberts_four_steps_for_harnessing_the_power/
x06vr,https://www.reddit.com/r/videos/comments/x06vr/guy_catches_bike_thief_red_handed/
vmvbil,https://www.reddit.com/r/funny/comments/vmvbil/beats_most_fashion_walks/
ykyisi,https://www.reddit.com/r/Damnthatsinteresting/comments/ykyisi/wow_pretty_interesting_perspective/
zv17ly,https://www.reddit.com/r/nextfuckinglevel/comments/zv17ly/truly_ground_breaking/
xnb8kp,https://www.reddit.com/r/funny/comments/xnb8kp/santa_clara_mens_cross_country_team_headshot/
xxxym,https://www.reddit.com/r/Velo/comments/xxxym/riding_the_super_squadra_train_with_2011_us_crit/
xyq08j,https://www.reddit.com/r/Documentaries/comments/xyq08j/fed_up_2014_revealing_a_30year_campaign_by_the/
y3v4xk,https://www.reddit.com/r/BicyclingCirclejerk/comments/y3v4xk/the_family_that_koms_together/
y3cojd,https://www.reddit.com/r/IllegalLifeProTips/comments/y3cojd/deleted_by_user/
xibzv,https://www.reddit.com/r/socialmedia/comments/xibzv/how_to_monitor_social_media_conversation/
x1lucs,https://www.reddit.com/r/steak/comments/x1lucs/long_time_lurker_first_time_poster_ribeye_i_did/
x0v67y,https://www.reddit.com/r/poker/comments/x0v67y/inspired_by_the_other_thread_about_slowplaying/
x3w24m,https://www.reddit.com/r/nextfuckinglevel/comments/x3w24m/this_visualization_on_temperatures_is/
vuabex,https://www.reddit.com/r/holdmybeer/comments/vuabex/hmb_while_i_do_a_somersault_over_a_car/
z647nv,https://www.reddit.com/r/Damnthatsinteresting/comments/z647nv/this_is_extremely_dangerous_to_our_democracy/
vofnrh,https://www.reddit.com/r/oklahoma/comments/vofnrh/3_new_routes_add_650_miles_to_us_bicycle_route/
z1g85t,https://www.reddit.com/r/Whatcouldgowrong/comments/z1g85t/using_grocery_carts_on_the_conveyor_belt/
xfc8r7,https://www.reddit.com/r/IdiotsNearlyDying/comments/xfc8r7/flamming_idiot/
xvsk0k,https://www.reddit.com/r/Documentaries/comments/xvsk0k/man_in_cave_2022_the_story_of_floyd_collins_a/
z3rql2,https://www.reddit.com/r/tooktoomuch/comments/z3rql2/staff_member_prices_12_parmesan_wheel_at_1044/
xpdumv,https://www.reddit.com/r/Damnthatsinteresting/comments/xpdumv/death_diving_championship/
zuxqzf,https://www.reddit.com/r/therewasanattempt/comments/zuxqzf/to_be_taken_seriously/
xgjkvg,https://www.reddit.com/r/fightporn/comments/xgjkvg/putting_ashford_on_the_map/
vzt5up,https://www.reddit.com/r/LiveFromNewYork/comments/vzt5up/how_pete_got_cast_in_snl_full_interview_hart_to/
xz040y,https://www.reddit.com/r/ActualPublicFreakouts/comments/xz040y/do_not_fuck_with_this_mans_pool_game/
xcbwpx,https://www.reddit.com/r/somethingimade/comments/xcbwpx/i_made_a_literary_quote_clock_out_of_an_old/
vso3f5,https://www.reddit.com/r/holdmybeer/comments/vso3f5/hmb_while_i_cross_this_bridge/
x1rzoo,https://www.reddit.com/r/PublicFreakout/comments/x1rzoo/deleted_by_user/
wvbe3,https://www.reddit.com/r/rollerblading/comments/wvbe3/srsc_tour_promo_edit/
vowpnw,https://www.reddit.com/r/PoliticalHumor/comments/vowpnw/what_are_republicans_doing/
x3y6s,https://www.reddit.com/r/oklahoma/comments/x3y6s/womans_complaints_against_rogers_county_deputies/
vxwx1,https://www.reddit.com/r/socialmedia/comments/vxwx1/i_created_a_social_media_campaign_for_my_company/
wv9bys,https://www.reddit.com/r/PublicFreakout/comments/wv9bys/deleted_by_user/
yas5b,https://www.reddit.com/r/poker/comments/yas5b/for_those_of_you_who_missed_the_2012_wsop_me_on/
